calle;calleClean;name;surname;fiabilidad;gender;category;typeofroad;wikipedia
Rodovia Vereador Pedro José da Silva;Vereador Pedro José da Silva;Vereador;Pedro;-2;Male;-;-;
Rua Câmara Júnior;Câmara Júnior;Câmara;Júnior;-2;Male;-;-;
Rua Vitório Della Betta;Vitório Della Betta;Vitório;Della;-2;Male;-;-;
Rua Santo Agostinho;Santo Agostinho;Santo;Agostinho;-2;Male;-;-;
Rua Quatorze de Dezembro;Quatorze de Dezembro;Quatorze;de;0;Unknown;-;-;
Rua Theófilo Petricoski;Theófilo Petricoski;Theófilo;Petricoski;-2;Male;-;-;
Rua Armando Setti;Armando Setti;Armando;Setti;-2;Male;-;-;
Rua Quinze de Fevereiro;Quinze de Fevereiro;Quinze;de;0;Unknown;-;-;
Rua José Tirloni;José Tirloni;José;Tirloni;-2;Male;-;-;
Rua David Tirloni;David Tirloni;David;Tirloni;-2;Male;-;-;
Avenida Tupi;Tupi;Tupi;;-2;Unknown;-;-;
Rua Uruguaiana;Uruguaiana;Uruguaiana;;0;Unknown;-;-;
Rua Guarani;Guarani;Guarani;;-2;Unknown;-;-;
Rua Iguaçu;Iguaçu;Iguaçu;;0;Unknown;-;-;
Rua Tapir;Tapir;Tapir;;-2;Unknown;-;-;
Avenida Tupy;Tupy;Tupy;;0;Unknown;-;-;
Rua Olavo Bilac;Olavo Bilac;Olavo;Bilac;-2;Male;-;-;
Via do Conhecimento;do Conhecimento;do;Conhecimento;0;Unknown;-;-;
Rua Itacolomi;Itacolomi;Itacolomi;;0;Unknown;-;-;
Rua Araribóia;Araribóia;Araribóia;;-2;Male;-;-;
Avenida Brasil;Brasil;Brasil;;-2;Unknown;-;-;
Rua Pedro Ramires de Mello;Pedro Ramires de Mello;Pedro;Ramires;-2;Male;-;-;
Rua Tamoio;Tamoio;Tamoio;;0;Unknown;-;-;
Rua Caramuru;Caramuru;Caramuru;;0;Unknown;-;-;
Rua Xingu;Xingu;Xingu;;0;Unknown;-;-;
Rua Xavantes;Xavantes;Xavantes;;0;Unknown;-;-;
Travessa Santo Colla;Santo Colla;Santo;Colla;-2;Male;-;-;
Rua Doutor Francisco Beltrão;Doutor Francisco Beltrão;Doutor;Francisco;-2;Male;-;-;
Rua Paraná;Paraná;Paraná;;0;Unknown;-;-;
Avenida Elisa Rosa Colla Padoan;Elisa Rosa Colla Padoan;Elisa;Rosa;2;Female;-;-;
Rua Ibiporã;Ibiporã;Ibiporã;;0;Unknown;-;-;
Rua Farrapos;Farrapos;Farrapos;;0;Unknown;-;-;
Rua Itabira;Itabira;Itabira;;-2;Male;-;-;
Rua Mato Grosso;Mato Grosso;Mato;Grosso;0;Unknown;-;-;
Travessa Goiás;Goiás;Goiás;;-2;Unknown;-;-;
Rua Araucária;Araucária;Araucária;;0;Unknown;-;-;
Rua 7 de Setembro;7 de Setembro;7;de;0;Unknown;-;-;
Rua Possídio Salomoni;Possídio Salomoni;Possídio;Salomoni;-2;Male;-;-;
Rua Brasília;Brasília;Brasília;;2;Unknown;-;-;
Rua Assis Brasil;Assis Brasil;Assis;Brasil;-2;Male;-;-;
Rua Osvaldo Aranha;Osvaldo Aranha;Osvaldo;Aranha;-2;Male;-;-;
Rua Silveira Martins;Silveira Martins;Silveira;Martins;-2;Male;-;-;
Rua Manoel Ribas;Manoel Ribas;Manoel;Ribas;-2;Male;-;-;
Rua Roald Carraro;Roald Carraro;Roald;Carraro;-2;Male;-;-;
Rua Visconde de Tamandaré;Visconde de Tamandaré;Visconde;de;-2;Male;-;-;
Rua Arthur Bertol;Arthur Bertol;Arthur;Bertol;-2;Male;-;-;
Rua Abel Bortot;Abel Bortot;Abel;Bortot;-2;Male;-;-;
Rua Dona Ernestina;Dona Ernestina;Dona;Ernestina;2;Female;-;-;
Rua Venezuela;Venezuela;Venezuela;;0;Unknown;-;-;
Rua Argentina;Argentina;Argentina;;2;Unknown;-;-;
Rua Doutor Beltrão;Doutor Beltrão;Doutor;Beltrão;-2;Male;-;-;
Rua Lauro Bertol;Lauro Bertol;Lauro;Bertol;-2;Male;-;-;
Rua Barão do Rio Branco;Barão do Rio Branco;Barão;do;-2;Male;-;-;
Rua João Pessoa;João Pessoa;João;Pessoa;-2;Male;-;-;
Rua Santo Parzianello;Santo Parzianello;Santo;Parzianello;-2;Male;-;-;
Rua Paraguai;Paraguai;Paraguai;;0;Unknown;-;-;
Rua Bom Jesus;Bom Jesus;Bom;Jesus;-2;Male;-;-;
Rua Visconde de Nacar;Visconde de Nacar;Visconde;de;-2;Male;-;-;
Rua Bolívia;Bolívia;Bolívia;;2;Unknown;-;-;
Rua Wenceslau Brás;Wenceslau Brás;Wenceslau;Brás;-2;Male;-;-;
Rua Generoso Marques;Generoso Marques;Generoso;Marques;-2;Male;-;-;
Rua Chile;Chile;Chile;;2;Unknown;-;-;
Rua Antônio Bazzo;Antônio Bazzo;Antônio;Bazzo;-2;Male;-;-;
Rua Uruguai;Uruguai;Uruguai;;0;Unknown;-;-;
Rua Genuino Piacentini;Genuino Piacentini;Genuino;Piacentini;-2;Male;-;-;
Travessa da Cerâmica;da Cerâmica;da;Cerâmica;-2;Unknown;-;-;
Rua Parigot de Souza;Parigot de Souza;Parigot;de;-2;Male;-;-;
Rua Pantaleão Telles;Pantaleão Telles;Pantaleão;Telles;-2;Male;-;-;
Rua Elaine C. Amadori;Rua Elaine  Amadori;Rua;Elaine;-2;Female;-;-;
Rua Waldemar Viganó;Waldemar Viganó;Waldemar;Viganó;-2;Male;-;-;
Rua Fiorelo Zandoná;Fiorelo Zandoná;Fiorelo;Zandoná;-2;Male;-;-;
Rua Antônio Ascari;Antônio Ascari;Antônio;Ascari;-2;Male;-;-;
Rua Bento Gonçalves;Bento Gonçalves;Bento;Gonçalves;-2;Male;-;-;
Rua dos Andradas;dos Andradas;dos;Andradas;2;Unknown;-;-;
Rua Cruz Alta;Cruz Alta;Cruz;Alta;2;Unknown;-;-;
Rua Antero Petry;Antero Petry;Antero;Petry;-2;Male;-;-;
Travessa Cruz Alta;Cruz Alta;Cruz;Alta;2;Unknown;-;-;
Rua Amambai;Amambai;Amambai;;0;Unknown;-;-;
Rua Artemio Felini;Artemio Felini;Artemio;Felini;-2;Male;-;-;
Rua Ivaí;Ivaí;Ivaí;;-2;Unknown;-;-;
Rua Santa Maria;Santa Maria;Santa;Maria;2;Female;-;-;https://pt.wikipedia.org/wiki/Maria_(m%C3%A3e_de_Jesus)
Rua Caxambu;Caxambu;Caxambu;;0;Unknown;-;-;
Rua Princessa Isabel;Princessa Isabel;Princessa;Isabel;2;Female;-;-;
Rua Guapore;Guapore;Guapore;;0;Unknown;-;-;
Rua Passo Fundo;Passo Fundo;Passo;Fundo;0;Unknown;-;-;
Rua Princesa Isabel;Princesa Isabel;Princesa;Isabel;2;Female;-;-;https://pt.wikipedia.org/wiki/Isabel_do_Brasil
Rua Lamartine Babo;Lamartine Babo;Lamartine;Babo;-2;Male;-;-;
Rua André Barros;André Barros;André;Barros;-2;Male;-;-;
Rua Padre Vieira;Padre Vieira;Padre;Vieira;-2;Male;-;-;
Rua do Príncipe;do Príncipe;do;Príncipe;0;Male;-;-;
Rua Santos Dumont;Santos Dumont;Santos;Dumont;2;Male;-;-;
Rua Presidente Jucelino;Presidente Jucelino;Presidente;Jucelino;-2;Male;-;-;
Rua Papa João XXIII;Papa João XXIII;Papa;João;-2;Male;-;-;
Rua Dom Pedro I;Dom Pedro I;Dom;Pedro;-2;Male;-;-;
Rua das Flores;das Flores;das;Flores;2;Unknown;-;-;
Rua Osvaldo Cruz;Osvaldo Cruz;Osvaldo;Cruz;-2;Male;-;-;
Rua Marins Camargo;Marins Camargo;Marins;Camargo;-2;Male;-;-;
Rua Tapajós;Tapajós;Tapajós;;0;Unknown;-;-;
Rua Governador Jorge Lacerda;Governador Jorge Lacerda;Governador;Jorge;-2;Male;-;-;
Rua Tapejara;Tapejara;Tapejara;;0;Male;-;-;
Rua Afonso Pena;Afonso Pena;Afonso;Pena;-2;Male;-;-;
Travessa Zacarias Koslinsk;Zacarias Koslinsk;Zacarias;Koslinsk;-2;Male;-;-;
Rua Procópio de Lima;Procópio de Lima;Procópio;de;-2;Male;-;-;
Rua Caetano Munhoz da Rocha;Caetano Munhoz da Rocha;Caetano;Munhoz;-2;Male;-;-;
Rua Pio XII;Pio XII;Pio;XII;-2;Male;-;-;
Travessa Piraquara;Piraquara;Piraquara;;0;Unknown;-;-;
Rua Frei Caneca;Frei Caneca;Frei;Caneca;-2;Male;-;-;
Rua Ubiratã;Ubiratã;Ubiratã;;-2;Male;-;-;
Rua Vicente Machado;Vicente Machado;Vicente;Machado;-2;Male;-;-;
Rua Luiz Cesar Amadori;Luiz Cesar Amadori;Luiz;Cesar;-2;Male;-;-;
Rua Benjamin Borges dos Santos;Benjamin Borges dos Santos;Benjamin;Borges;-2;Male;-;-;
POLITEC;POLITEC;POLITEC;;0;Unknown;-;-;
Rua Luiz Detoni;Luiz Detoni;Luiz;Detoni;-2;Male;-;-;
Travessa Javaí;Javaí;Javaí;;0;Unknown;-;-;
Rua Pedro Vieira;Pedro Vieira;Pedro;Vieira;-2;Male;-;-;
Rua 10 de Maio;10 de Maio;10;de;-2;Unknown;-;-;
Rua Vitor Silvio Biazus;Vitor Silvio Biazus;Vitor;Silvio;-2;Male;-;-;
Travessa Borba;Borba;Borba;;0;Unknown;-;-;
Rua Mem de Sá;Mem de Sá;Mem;de;-2;Male;-;-;
Rua Antônio Franco;Antônio Franco;Antônio;Franco;-2;Male;-;-;
Rua Maria Bueno;Maria Bueno;Maria;Bueno;2;Female;-;-;
Rua Marechal Costa e Silva;Marechal Costa e Silva;Marechal;Costa;-2;Male;-;-;
Rua Vereador Cacique Creta;Vereador Cacique Creta;Vereador;Cacique;0;Male;-;-;
Rua Primo Zanotto;Primo Zanotto;Primo;Zanotto;-2;Male;-;-;
Rua Alberto Geron;Alberto Geron;Alberto;Geron;-2;Male;-;-;
Rua Dom Pedro;Dom Pedro;Dom;Pedro;-2;Male;-;-;
Rua Teofilo Augusto Loiola;Teofilo Augusto Loiola;Teofilo;Augusto;-2;Male;-;-;
Rua da Copel;da Copel;da;Copel;-2;Unknown;-;-;
Rua Rui Barbosa;Rui Barbosa;Rui;Barbosa;2;Male;-;-;
Rua Santa Barbara;Santa Barbara;Santa;Barbara;2;Female;-;-;https://pt.wikipedia.org/wiki/Santa_B%C3%A1rbara_(Calif%C3%B3rnia)
Travessa Mod. Viganó;Mod. Viganó;Mod.;Viganó;0;Male;-;-;
Rua Cirilo Caldato;Cirilo Caldato;Cirilo;Caldato;-2;Male;-;-;
Rua Sebastião Rodrigues;Sebastião Rodrigues;Sebastião;Rodrigues;-2;Male;-;-;
Rua Amadeu Bernardi;Amadeu Bernardi;Amadeu;Bernardi;-2;Male;-;-;
Rua Raimundo Cadorin;Raimundo Cadorin;Raimundo;Cadorin;-2;Male;-;-;
Rua Sueli Biazus;Sueli Biazus;Sueli;Biazus;2;Female;-;-;
Rua Constante Andreatta;Constante Andreatta;Constante;Andreatta;-2;Male;-;-;
Rua Visconde de Guarapuava;Visconde de Guarapuava;Visconde;de;-2;Male;-;-;
Rua Roberto Colli;Roberto Colli;Roberto;Colli;-2;Male;-;-;
Rua Vieira da Costa;Vieira da Costa;Vieira;da;-2;Male;-;-;
Rua Matias de Albuquerque;Matias de Albuquerque;Matias;de;-2;Male;-;-;
Rua Pedro José da Silva;Pedro José da Silva;Pedro;José;-2;Male;-;-;
Rua Paolina W Guerios;Paolina W Guerios;Paolina;W;2;Female;-;-;
Rua Basilio Flyssak;Basilio Flyssak;Basilio;Flyssak;-2;Male;-;-;
Rua Theófilo Petrykoski;Theófilo Petrykoski;Theófilo;Petrykoski;-2;Male;-;-;
Rua Leopoldina Iunk;Leopoldina Iunk;Leopoldina;Iunk;2;Female;-;-;
Rua Anchieta;Anchieta;Anchieta;;-2;Male;-;-;
Rua Maringá;Maringá;Maringá;;2;Unknown;-;-;
Rua Vicente Ferreira;Vicente Ferreira;Vicente;Ferreira;-2;Male;-;-;
Rua Mila;Mila;Mila;;2;Female;-;-;
Rua Luiz Freddo;Luiz Freddo;Luiz;Freddo;-2;Male;-;-;
Rua Domingos Mattos;Domingos Mattos;Domingos;Mattos;-2;Male;-;-;
Rua Aida da Costa;Aida da Costa;Aida;da;2;Female;-;-;
Rua Curitiba;Curitiba;Curitiba;;0;Unknown;-;-;
Rua Marechal Deodoro;Marechal Deodoro;Marechal;Deodoro;-2;Male;-;-;
Rua Londrina;Londrina;Londrina;;2;Unknown;-;-;
Rua das Orquídeas;das Orquídeas;das;Orquídeas;2;Unknown;-;-;
Rua das Azaléias;das Azaléias;das;Azaléias;2;Unknown;-;-;
Rua Vicente E Ampesan;Vicente E Ampesan;Vicente;E;-2;Male;-;-;
Rua Romilda Aires;Romilda Aires;Romilda;Aires;2;Female;-;-;
Rua Timbira;Timbira;Timbira;;0;Unknown;-;-;
Rua Laffalete;Laffalete;Laffalete;;0;Unknown;-;-;
Rua dos Cravos;dos Cravos;dos;Cravos;2;Unknown;-;-;
Rua Veraquetá;Veraquetá;Veraquetá;;0;Unknown;-;-;
Rua Valdemar Ferraza;Valdemar Ferraza;Valdemar;Ferraza;-2;Male;-;-;
Rua Emílio Negri;Emílio Negri;Emílio;Negri;-2;Male;-;-;
Rua das Margaridas;das Margaridas;das;Margaridas;2;Unknown;-;-;
Rua Guilherme Lebkuchen;Guilherme Lebkuchen;Guilherme;Lebkuchen;-2;Male;-;-;
Rua Marechal Rondon;Marechal Rondon;Marechal;Rondon;-2;Male;-;-;
Rua Munhoz da Rocha;Munhoz da Rocha;Munhoz;da;-2;Male;-;-;
Rua Padre Anchieta;Padre Anchieta;Padre;Anchieta;-2;Male;-;-;
Rua Pedro Rubicar de Andrade;Pedro Rubicar de Andrade;Pedro;Rubicar;-2;Male;-;-;
Rua Veríssimo Rizzi;Veríssimo Rizzi;Veríssimo;Rizzi;-2;Male;-;-;
Rua Doutor Murici;Doutor Murici;Doutor;Murici;-2;Male;-;-;
Rua Monteiro Lobato;Monteiro Lobato;Monteiro;Lobato;-2;Male;-;-;
Rua Emiliano Perneta;Emiliano Perneta;Emiliano;Perneta;-2;Male;-;-;
Rua Dalton Trevisan;Dalton Trevisan;Dalton;Trevisan;-2;Male;-;-;
Rua João Viganó;João Viganó;João;Viganó;-2;Male;-;-;
Rua Clarice Cerqueira;Clarice Cerqueira;Clarice;Cerqueira;2;Female;-;-;
Rua Valentin Burile;Valentin Burile;Valentin;Burile;-2;Male;-;-;
Rua Bogotá;Bogotá;Bogotá;;0;Unknown;-;-;
Rua Estácio de Sá;Estácio de Sá;Estácio;de;-2;Male;-;-;
Rua Benjamin Constant;Benjamin Constant;Benjamin;Constant;-2;Male;-;-;
Rua Ercília Corona;Ercília Corona;Ercília;Corona;2;Female;-;-;
Rua Cassiano Ricardo;Cassiano Ricardo;Cassiano;Ricardo;-2;Male;-;-;
Rua Luiz Parzianello;Luiz Parzianello;Luiz;Parzianello;-2;Male;-;-;
Rua São Vicente;São Vicente;São;Vicente;-2;Male;-;-;
Rua João Penso;João Penso;João;Penso;-2;Male;-;-;
Rua Ademar Rosa;Ademar Rosa;Ademar;Rosa;-2;Male;-;-;
Rua Martin Afonso de Souza;Martin Afonso de Souza;Martin;Afonso;-2;Male;-;-;
Rua Manoel da Nóbrega;Manoel da Nóbrega;Manoel;da;-2;Male;-;-;
Rua José Tatto;José Tatto;José;Tatto;-2;Male;-;-;
Rua Vinícius de Moraes;Vinícius de Moraes;Vinícius;de;-2;Male;-;-;
Rua Cristóvão Colombo;Cristóvão Colombo;Cristóvão;Colombo;-2;Male;-;-;
Rua Joao Penso;Joao Penso;Joao;Penso;-2;Male;-;-;
Rua Joinville;Joinville;Joinville;;0;Unknown;-;-;
Rua José Covaleski;José Covaleski;José;Covaleski;-2;Male;-;-;
Rua Irineu Bertani;Irineu Bertani;Irineu;Bertani;-2;Male;-;-;
Rua Reinaldo Luis Agustini;Reinaldo Luis Agustini;Reinaldo;Luis;-2;Male;-;-;
Rua Leonizio Amadori;Leonizio Amadori;Leonizio;Amadori;-2;Male;-;-;
Rua Pedro Álvares Cabral;Pedro Álvares Cabral;Pedro;Álvares;-2;Male;-;-;
Rua Josefina Maria Leonardi;Josefina Maria Leonardi;Josefina;Maria;2;Female;-;-;
Rua Joaquim Nabuco;Joaquim Nabuco;Joaquim;Nabuco;-2;Male;-;-;
Rua José Bonifácio;José Bonifácio;José;Bonifácio;-2;Male;-;-;
Rua José Dalmolin;José Dalmolin;José;Dalmolin;-2;Male;-;-;
Rua Ricardo Tesser;Ricardo Tesser;Ricardo;Tesser;-2;Male;-;-;
Rua Marco Penso;Marco Penso;Marco;Penso;-2;Male;-;-;
Rua Saul Viganó;Saul Viganó;Saul;Viganó;-2;Male;-;-;
Rua Nilo Peçanha;Nilo Peçanha;Nilo;Peçanha;-2;Male;-;-;
Rua Irmã Lavratti Dagios;Irmã Lavratti Dagios;Irmã;Lavratti;2;Female;-;-;
Rua Xisto R. Gutieres;Xisto R. Gutieres;Xisto;R.;-2;Male;-;-;
Rua Ernesto Colla;Ernesto Colla;Ernesto;Colla;-2;Male;-;-;
Rua Luiz Morelato;Luiz Morelato;Luiz;Morelato;-2;Male;-;-;
Rua Natália Pereira;Natália Pereira;Natália;Pereira;2;Female;-;-;https://pt.wikipedia.org/wiki/Nat%C3%A1lia_Pereira
Rua Amélio D Vale;Amélio D Vale;Amélio;D;-2;Male;-;-;
Rua Armando Chioqueta;Armando Chioqueta;Armando;Chioqueta;-2;Male;-;-;
Rua Madalena Tatto;Madalena Tatto;Madalena;Tatto;2;Female;-;-;
Rua Clevelândia;Clevelândia;Clevelândia;;0;Unknown;-;-;
Rua Presidente Vargas;Presidente Vargas;Presidente;Vargas;-2;Male;-;-;
Rua Zacarias Gois de Vasconcelo;Zacarias Gois de Vasconcelo;Zacarias;Gois;-2;Male;-;-;
Rua General Osório;General Osório;General;Osório;-2;Male;-;-;
Rua São Miguel;São Miguel;São;Miguel;-2;Male;-;-;
Rua Sorocaba;Sorocaba;Sorocaba;;0;Unknown;-;-;
Rua Taubate;Taubate;Taubate;;0;Unknown;-;-;
Travessa Ibema;Ibema;Ibema;;0;Unknown;-;-;
Rua Jundiai;Jundiai;Jundiai;;0;Unknown;-;-;
Rua Auduino Dalmolin;Auduino Dalmolin;Auduino;Dalmolin;0;Male;-;-;
Rua Gonçalves Dias;Gonçalves Dias;Gonçalves;Dias;-2;Male;-;-;
Rua Sao Paulo;Sao Paulo;Sao;Paulo;-2;Male;-;-;
Rua Santa Rita;Santa Rita;Santa;Rita;2;Female;-;-;
Rua São Pedro;São Pedro;São;Pedro;-2;Male;-;-;
Rua Xavier da Silva;Xavier da Silva;Xavier;da;-2;Male;-;-;
Rua Duque de Caxias;Duque de Caxias;Duque;de;-2;Male;-;-;
Travessa Orlando Silva;Orlando Silva;Orlando;Silva;-2;Male;-;-;
Rua Amapá;Amapá;Amapá;;0;Unknown;-;-;
Rua Tuiuti;Tuiuti;Tuiuti;;0;Unknown;-;-;
Rua Cubatao;Cubatao;Cubatao;;0;Unknown;-;-;
Rua Tiradentes;Tiradentes;Tiradentes;;0;Male;-;-;
Travessa Dourado;Dourado;Dourado;;0;Unknown;-;-;
Travessa Itu;Itu;Itu;;0;Unknown;-;-;
Rua Marilia;Marilia;Marilia;;2;Female;-;-;https://pt.wikipedia.org/wiki/Mar%C3%ADlia
Rua Ataulfo Alves;Ataulfo Alves;Ataulfo;Alves;-2;Male;-;-;
Rua São Francisco;São Francisco;São;Francisco;-2;Male;-;-;
Rua Bartolomeu Bueno;Bartolomeu Bueno;Bartolomeu;Bueno;-2;Male;-;-;
Rua São Tomé;São Tomé;São;Tomé;-2;Male;-;-;
Rua Osvaldo Bertelli;Osvaldo Bertelli;Osvaldo;Bertelli;-2;Male;-;-;
Rua Presidente Prudente;Presidente Prudente;Presidente;Prudente;-2;Male;-;-;
Rua das Perdizes;das Perdizes;das;Perdizes;2;Unknown;-;-;
Rua das Siriemas;das Siriemas;das;Siriemas;2;Unknown;-;-;
Rua das Andorinhas;das Andorinhas;das;Andorinhas;2;Unknown;-;-;
Rua Waldomiro Pastro;Waldomiro Pastro;Waldomiro;Pastro;-2;Male;-;-;
Rua Arlindo Oldoni;Arlindo Oldoni;Arlindo;Oldoni;-2;Male;-;-;
Rua José Zanella;José Zanella;José;Zanella;-2;Male;-;-;
Rua Dionízio Martinello;Dionízio Martinello;Dionízio;Martinello;-2;Male;-;-;
Travessa Maria Lora;Maria Lora;Maria;Lora;2;Female;-;-;
Rua São Francisco de Assis;São Francisco de Assis;São;Francisco;-2;Male;-;-;
Rua Gralha Azul;Gralha Azul;Gralha;Azul;2;Unknown;-;-;
Rua Beija Flor;Beija Flor;Beija;Flor;2;Unknown;-;-;
Rua dos Juritis;dos Juritis;dos;Juritis;2;Unknown;-;-;
Rua Engenheiro Guilherme Jorge Schode;Engenheiro Guilherme Jorge Schode;Engenheiro;Guilherme;-2;Male;-;-;
Rua Edimo Pastro;Edimo Pastro;Edimo;Pastro;-2;Male;-;-;
Rua Maracanã;Maracanã;Maracanã;;0;Unknown;-;-;
Rua das Arapongas;das Arapongas;das;Arapongas;2;Unknown;-;-;
Rua Mohamad Omar Awada;Mohamad Omar Awada;Mohamad;Omar;-2;Male;-;-;
Rua das Avestruzes;Rua das estruzes;Rua;das;-2;Unknown;-;-;
Rua Faisões;Faisões;Faisões;;0;Unknown;-;-;
Rua dos Tucanos;dos Tucanos;dos;Tucanos;2;Unknown;-;-;
Rua do Pintassilgos;do Pintassilgos;do;Pintassilgos;0;Unknown;-;-;
Rua dos Pardais;dos Pardais;dos;Pardais;2;Unknown;-;-;
Rua das Gaivotas;das Gaivotas;das;Gaivotas;2;Unknown;-;-;
Rua Pedro Lora;Pedro Lora;Pedro;Lora;-2;Male;-;-;
Rua dos Pelicanos;dos Pelicanos;dos;Pelicanos;2;Unknown;-;-;
Rua Arquimedes Gobatto;Arquimedes Gobatto;Arquimedes;Gobatto;-2;Male;-;-;
Rua das Cegonhas;das Cegonhas;das;Cegonhas;2;Unknown;-;-;
Rua dos Canários;dos Canários;dos;Canários;2;Unknown;-;-;
Rua das Araras;das Araras;das;Araras;2;Unknown;-;-;
Rua Celestino Fornari;Celestino Fornari;Celestino;Fornari;-2;Male;-;-;
Rua Angelo Merlin;Angelo Merlin;Angelo;Merlin;-2;Male;-;-;
Rua dos Pavões;dos Pavões;dos;Pavões;2;Unknown;-;-;
Rua José W. Kemper;José W. Kemper;José;W.;-2;Male;-;-;
Rua das Garças;das Garças;das;Garças;2;Unknown;-;-;
Rua Pioneiro Carlos Smiderle Filho;Pioneiro Carlos Smiderle Filho;Pioneiro;Carlos;-2;Male;-;-;
Travessa Antônio Waterkemper;Antônio Waterkemper;Antônio;Waterkemper;-2;Male;-;-;
Rua Pedro Luiz Tavares;Pedro Luiz Tavares;Pedro;Luiz;-2;Male;-;-;
Rua dos Pica-Paus;dos Pica-Paus;dos;Pica-Paus;2;Unknown;-;-;
Rua Papagaios;Papagaios;Papagaios;;0;Unknown;-;-;
Rua dos Sabiás;dos Sabiás;dos;Sabiás;2;Unknown;-;-;
Rua Santa Clara;Santa Clara;Santa;Clara;2;Female;-;-;https://pt.wikipedia.org/wiki/Clara_de_Assis
Rua Pioneiro João F. Silveira;Pioneiro João F. Silveira;Pioneiro;João;-2;Male;-;-;
Rua Pedro Zancanaro;Pedro Zancanaro;Pedro;Zancanaro;-2;Male;-;-;
Rua Oliden Rotava;Oliden Rotava;Oliden;Rotava;0;Male;-;-;
Rua Piquiri;Piquiri;Piquiri;;0;Unknown;-;-;
Travessa Lorena;Lorena;Lorena;;2;Female;-;-;https://pt.wikipedia.org/wiki/Lorena
Rua Vilas Boas;Vilas Boas;Vilas;Boas;-2;Male;-;-;
Rua Erasmo F. da Silva;Erasmo F. da Silva;Erasmo;F.;-2;Male;-;-;
Rua Wailibat;Wailibat;Wailibat;;0;Unknown;-;-;
Rua Helena Pozza;Helena Pozza;Helena;Pozza;2;Female;-;-;
Rua João VI;João VI;João;VI;-2;Male;-;-;
Rua Castelo Branco;Castelo Branco;Castelo;Branco;-2;Male;-;-;
Rua Luiz Xavier;Luiz Xavier;Luiz;Xavier;-2;Male;-;-;
Rua Ita;Ita;Ita;;2;Unknown;-;-;
Rua Pedro Lobo;Pedro Lobo;Pedro;Lobo;-2;Male;-;-;
Rua Erico Verissimo;Erico Verissimo;Erico;Verissimo;-2;Male;-;-;
Travessa Pacaraí;Pacaraí;Pacaraí;;0;Unknown;-;-;
Rua Vinte e Um de Abril;Vinte e Um de Abril;Vinte;e;2;Unknown;-;-;
Travessa Ouvidor;Ouvidor;Ouvidor;;0;Male;-;-;
Rua Castro Alves;Castro Alves;Castro;Alves;-2;Male;-;-;
Rua Fagundes Varela;Fagundes Varela;Fagundes;Varela;-2;Male;-;-;
Rua Alexandre Gusmão;Alexandre Gusmão;Alexandre;Gusmão;-2;Male;-;-;
Rua das Bandeiras;das Bandeiras;das;Bandeiras;2;Unknown;-;-;
Travessa Guaruja;Guaruja;Guaruja;;0;Unknown;-;-;
Rua Coelho Neto;Coelho Neto;Coelho;Neto;-2;Male;-;-;
Rua da Republica;da Republica;da;Republica;-2;Unknown;-;-;
Rua Adamastor Zimello;Adamastor Zimello;Adamastor;Zimello;-2;Male;-;-;
Rua Manoel Branco;Manoel Branco;Manoel;Branco;-2;Male;-;-;
Rua Antônio Garcez;Antônio Garcez;Antônio;Garcez;-2;Male;-;-;
Rua Máximo Sloboda;Máximo Sloboda;Máximo;Sloboda;-2;Male;-;-;
Rua Erico Venissimo;Erico Venissimo;Erico;Venissimo;-2;Male;-;-;
Rua Amadeu Pereira;Amadeu Pereira;Amadeu;Pereira;-2;Male;-;-;
Rua Tomé de Souza;Tomé de Souza;Tomé;de;-2;Male;-;-;
Rua José Cardoso;José Cardoso;José;Cardoso;-2;Male;-;-;
Rua da Inconfidência;da Inconfidência;da;Inconfidência;-2;Male;-;-;
Rua Luiz Ruaro;Luiz Ruaro;Luiz;Ruaro;-2;Male;-;-;
Rua Lauro Ferreira Albuquerque;Lauro Ferreira Albuquerque;Lauro;Ferreira;-2;Male;-;-;
Travessa Siliprandi;Siliprandi;Siliprandi;;0;Unknown;-;-;
Rua Tocantins;Tocantins;Tocantins;;0;Unknown;-;-;
Rua Guaporé;Guaporé;Guaporé;;0;Unknown;-;-;
Rua Angelo Gabriel;Angelo Gabriel;Angelo;Gabriel;-2;Male;-;-;
Rua Ângelo Copetti;Ângelo Copetti;Ângelo;Copetti;-2;Male;-;-;
Rua Octávio José Fernandes;Octávio José Fernandes;Octávio;José;-2;Male;-;-;
Rua São João Bosco;São João Bosco;São;João;-2;Male;-;-;
Rua Bernardo Refinski;Bernardo Refinski;Bernardo;Refinski;-2;Male;-;-;
Rua Frei Galvão;Frei Galvão;Frei;Galvão;-2;Male;-;-;
Rua Santa Luzia;Santa Luzia;Santa;Luzia;2;Female;-;-;
Rua Giuseppe Ortolan;Giuseppe Ortolan;Giuseppe;Ortolan;-2;Male;-;-;
Rua Primo Lavezzo;Primo Lavezzo;Primo;Lavezzo;-2;Male;-;-;
Rua Sabina de Barba;Sabina de Barba;Sabina;de;2;Female;-;-;
Rua Silvestre Ambrósio Franchin;Silvestre Ambrósio Franchin;Silvestre;Ambrósio;-2;Male;-;-;
Rua Getúlio Dal Pasqualle;Getúlio Dal Pasqualle;Getúlio;Dal;-2;Male;-;-;
Rua Nereu Ramos;Nereu Ramos;Nereu;Ramos;-2;Male;-;-;
Rua Arassuaí;Arassuaí;Arassuaí;;0;Unknown;-;-;
Rua José Rodrigues Pinto;José Rodrigues Pinto;José;Rodrigues;-2;Male;-;-;
Rua Soares Bento;Soares Bento;Soares;Bento;-2;Male;-;-;
Rua Eli Antônio Burin;Eli Antônio Burin;Eli;Antônio;2;Male;-;-;
Rua dos Dedaleiros;dos Dedaleiros;dos;Dedaleiros;2;Unknown;-;-;
Rua Minas Gerais;Rua  Gerais;Rua;;-2;Unknown;-;-;
Rua Cândido de Abreu;Cândido de Abreu;Cândido;de;-2;Male;-;-;
Rua Machado de Assis;Machado de Assis;Machado;de;-2;Male;-;-;
Rua Vereador Alberto Geron;Vereador Alberto Geron;Vereador;Alberto;-2;Male;-;-;
Rua Piauí;Piauí;Piauí;;0;Unknown;-;-;
Rua Presidente Kennedy;Presidente Kennedy;Presidente;Kennedy;-2;Male;-;-;
Travessa G. Granzotto;G. Granzotto;G.;Granzotto;0;Unknown;-;-;
Rua antonio Camozato;antonio Camozato;antonio;Camozato;-2;Male;-;-;
Rua Fernão Dias Pai;Fernão Dias Pai;Fernão;Dias;-2;Male;-;-;
Travessa Bortot;Bortot;Bortot;;0;Unknown;-;-;
Rua Casemiro de Abreu;Casemiro de Abreu;Casemiro;de;-2;Male;-;-;
Rua Iguatemi;Iguatemi;Iguatemi;;-2;Male;-;-;
Rua Lupicínio Rodrigues;Lupicínio Rodrigues;Lupicínio;Rodrigues;-2;Male;-;-;
Rua Norberto Maraschin;Norberto Maraschin;Norberto;Maraschin;-2;Male;-;-;
Rua Francisco Rodrigues;Francisco Rodrigues;Francisco;Rodrigues;-2;Male;-;-;
Rua Democrata;Democrata;Democrata;;0;Unknown;-;-;
Rua Romano Radaelli;Rua Romano elli;Rua;Romano;-2;Male;-;-;
Rua Jair Rodrigues;Jair Rodrigues;Jair;Rodrigues;2;Male;-;-;
Rua João Rodrigues;João Rodrigues;João;Rodrigues;-2;Male;-;-;
Travessa Angelo Ronsoni;Angelo Ronsoni;Angelo;Ronsoni;-2;Male;-;-;
Rua José Fraron;José Fraron;José;Fraron;-2;Male;-;-;
Rua Zeferina Artuzi Oltramari;Zeferina Artuzi Oltramari;Zeferina;Artuzi;2;Female;-;-;
Rua Angela Parzianello;Angela Parzianello;Angela;Parzianello;2;Female;-;-;
Rua Rogério das Chaves;Rogério das Chaves;Rogério;das;-2;Male;-;-;
Rua Antônio Dalla Costa;Antônio Dalla Costa;Antônio;Dalla;-2;Male;-;-;
Rua Vitélio Parzianello;Vitélio Parzianello;Vitélio;Parzianello;-2;Male;-;-;
Rua Natalino Dartora;Natalino Dartora;Natalino;Dartora;-2;Male;-;-;
Rua Felix Jaco Rossoni;Felix Jaco Rossoni;Felix;Jaco;-2;Male;-;-;
Rua Algemiro Mari;Algemiro Mari;Algemiro;Mari;-2;Male;-;-;
Rua Altair José Motta;Altair José Motta;Altair;José;2;Male;-;-;
Rua Frederico Barancelli;Frederico Barancelli;Frederico;Barancelli;-2;Male;-;-;
Rua Augustinho Tatto;Augustinho Tatto;Augustinho;Tatto;-2;Male;-;-;
Rua Maria Martinello Lavezzo;Maria Martinello Lavezzo;Maria;Martinello;2;Female;-;-;
Rua Campo Seguro;Campo Seguro;Campo;Seguro;0;Unknown;-;-;
Rua Osina Ortolan;Osina Ortolan;Osina;Ortolan;0;Female;-;-;
Rua Nestor Cardoso;Nestor Cardoso;Nestor;Cardoso;-2;Male;-;-;
Rua Padre Claret;Padre Claret;Padre;Claret;2;Male;-;-;
Rua Moacir Martins;Moacir Martins;Moacir;Martins;-2;Male;-;-;
Rua Amália de Col;Amália de Col;Amália;de;2;Female;-;-;
Rua dos Cardeais;dos Cardeais;dos;Cardeais;2;Unknown;-;-;
Rua Pedro Detoni;Pedro Detoni;Pedro;Detoni;-2;Male;-;-;
Avenida Piacentini;Piacentini;Piacentini;;0;Unknown;-;-;
Rua Ulisses Viganó;Ulisses Viganó;Ulisses;Viganó;-2;Male;-;-;
Rua das Hortências;das Hortências;das;Hortências;2;Unknown;-;-;
Rua São José;São José;São;José;-2;Male;-;-;
Rua Antônio Didomênico;Antônio Didomênico;Antônio;Didomênico;-2;Male;-;-;
Rua Alfredo Wurzius;Alfredo Wurzius;Alfredo;Wurzius;-2;Male;-;-;
Rua Augusta Priamo;Augusta Priamo;Augusta;Priamo;2;Female;-;-;
Rua Marcelino Parzianelo;Marcelino Parzianelo;Marcelino;Parzianelo;-2;Male;-;-;
Rua Pedro Boldrini;Pedro Boldrini;Pedro;Boldrini;-2;Male;-;-;
Rua Timbó;Timbó;Timbó;;0;Unknown;-;-;
Travessa Andirá;Andirá;Andirá;;2;Unknown;-;-;
Rua Ribeirao Preto;Ribeirao Preto;Ribeirao;Preto;0;Unknown;-;-;
Rua Santo Expedito;Santo Expedito;Santo;Expedito;-2;Male;-;-;
Rua Ivá;Ivá;Ivá;;2;Unknown;-;-;
Rua Frederico Chass;Frederico Chass;Frederico;Chass;-2;Male;-;-;
Rua Eduardo Pedroso;Eduardo Pedroso;Eduardo;Pedroso;-2;Male;-;-;
Rua Napoleao Correa Lobo;Napoleao Correa Lobo;Napoleao;Correa;-2;Male;-;-;
Rua Pioneiro Alberto Braun;Pioneiro Alberto Braun;Pioneiro;Alberto;-2;Male;-;-;
Rua Pioneiro Victório Lourenço Leonardi;Pioneiro Victório Lourenço Leonardi;Pioneiro;Victório;-2;Male;-;-;
Rua Milton de Paula Garcia;Milton de Paula Garcia;Milton;de;-2;Male;-;-;
Rua Áurea Zandoná;Áurea Zandoná;Áurea;Zandoná;2;Female;-;-;
Rua Abilio Parzianello;Abilio Parzianello;Abilio;Parzianello;-2;Male;-;-;
Rua Alexandra Portela;Alexandra Portela;Alexandra;Portela;2;Female;-;-;
Rua Augusto Saggin;Augusto Saggin;Augusto;Saggin;-2;Male;-;-;
Rua Nelson Colla;Nelson Colla;Nelson;Colla;-2;Male;-;-;
Rua Emilia Rosa Pietrobelli;Emilia Rosa Pietrobelli;Emilia;Rosa;2;Female;-;-;
Rua Abraão Ribeiro;Abraão Ribeiro;Abraão;Ribeiro;-2;Male;-;-;
Rua Clarice Recalcatti;Clarice Recalcatti;Clarice;Recalcatti;2;Female;-;-;
Rua Antônio Marini;Antônio Marini;Antônio;Marini;-2;Male;-;-;
Rua Aníbal Cardoso;Aníbal Cardoso;Aníbal;Cardoso;-2;Male;-;-;
Rua Anibal Cardoso;Anibal Cardoso;Anibal;Cardoso;-2;Male;-;-;
Rua Frederico Klem;Frederico Klem;Frederico;Klem;-2;Male;-;-;
Rua Eugênio Pezarico;Eugênio Pezarico;Eugênio;Pezarico;-2;Male;-;-;
Rua Sadi Bertol;Sadi Bertol;Sadi;Bertol;-2;Male;-;-;
Rua Teresa Catusso;Teresa Catusso;Teresa;Catusso;2;Female;-;-;
Rua Jacinto Zanardi;Jacinto Zanardi;Jacinto;Zanardi;-2;Male;-;-;
Rua Carlos Fontana;Carlos Fontana;Carlos;Fontana;-2;Male;-;-;
Rua Jose Oldoni;Jose Oldoni;Jose;Oldoni;-2;Male;-;-;
Rua Valmor Chiqueta;Valmor Chiqueta;Valmor;Chiqueta;-2;Male;-;-;
Rua João Lora;João Lora;João;Lora;-2;Male;-;-;
Rua André Cavalli;André Cavalli;André;Cavalli;-2;Male;-;-;
Rua Assis Andreatta;Assis Andreatta;Assis;Andreatta;-2;Male;-;-;
Rua Terezinha Duarte;Terezinha Duarte;Terezinha;Duarte;2;Female;-;-;
Rua Maria Amélia Tatto;Maria Amélia Tatto;Maria;Amélia;2;Female;-;-;
Rua Hilário Primo Faggion;Hilário Primo Faggion;Hilário;Primo;-2;Male;-;-;
Rua Ademir Cunico;Ademir Cunico;Ademir;Cunico;-2;Male;-;-;
Travessa Pedro Sartori;Pedro Sartori;Pedro;Sartori;-2;Male;-;-;
Rua Ernesto Ruchil;Ernesto Ruchil;Ernesto;Ruchil;-2;Male;-;-;
Rua Elisa Bett;Elisa Bett;Elisa;Bett;2;Female;-;-;
Rua Jair Tonial;Jair Tonial;Jair;Tonial;2;Male;-;-;
Rodovia Manoel Lustosa Martins;Manoel Lustosa Martins;Manoel;Lustosa;-2;Male;-;-;
Rua José Leonardi;José Leonardi;José;Leonardi;-2;Male;-;-;
Rua Irineu Parzianello;Irineu Parzianello;Irineu;Parzianello;-2;Male;-;-;
Rua Lidio Oltramari;Lidio Oltramari;Lidio;Oltramari;-2;Male;-;-;
Rua Albina Rotilli;Albina Rotilli;Albina;Rotilli;2;Female;-;-;
Rua Paulo Rotilli;Paulo Rotilli;Paulo;Rotilli;-2;Male;-;-;
Rua Márcia Zanella;Márcia Zanella;Márcia;Zanella;2;Female;-;-;
Rua Adriano Zanella;Adriano Zanella;Adriano;Zanella;-2;Male;-;-;
Rua Jandir Antonio Perusso;Jandir Antonio Perusso;Jandir;Antonio;-2;Male;-;-;
Rua Jaury Heitor de Souza;Jaury Heitor de Souza;Jaury;Heitor;-2;Male;-;-;
Rua Henrique Ascari;Henrique Ascari;Henrique;Ascari;-2;Male;-;-;
Rua Eduardo Dagios;Eduardo Dagios;Eduardo;Dagios;-2;Male;-;-;
Rua Claudir Oldoni;Claudir Oldoni;Claudir;Oldoni;-2;Male;-;-;
Rua Nelson Formigueri;Nelson Formigueri;Nelson;Formigueri;-2;Male;-;-;
Rua Baldonio Dartora;Baldonio Dartora;Baldonio;Dartora;0;Male;-;-;
Rua João Cadorin;João Cadorin;João;Cadorin;-2;Male;-;-;
Rua Natalicio Fischer;Natalicio Fischer;Natalicio;Fischer;-2;Male;-;-;
Rua Artibano Tacon;Artibano Tacon;Artibano;Tacon;-2;Male;-;-;
Rua Ricieri Pastore;Ricieri Pastore;Ricieri;Pastore;-2;Male;-;-;
Rua João Picolo;João Picolo;João;Picolo;-2;Male;-;-;
Estrada Pioneiro Antonio Carraro;Esada Pioneiro Antonio Carraro;Esada;Pioneiro;-2;Male;-;-;
Rua Jericó;Jericó;Jericó;;-2;Unknown;-;-;
Rua Valdir Meira de Moura;Valdir Meira de Moura;Valdir;Meira;-2;Male;-;-;
Rua Nelson Gerhardt;Nelson Gerhardt;Nelson;Gerhardt;-2;Male;-;-;
Rua Achiles Pastorello;Achiles Pastorello;Achiles;Pastorello;-2;Male;-;-;
Rua Pioneiro João Soranso;Pioneiro João Soranso;Pioneiro;João;-2;Male;-;-;
Rua Severino Cavazolla;Severino Cavazolla;Severino;Cavazolla;-2;Male;-;-;
Rua Francisco Gross;Francisco Gross;Francisco;Gross;-2;Male;-;-;
Rua Miguel Parzianelo;Miguel Parzianelo;Miguel;Parzianelo;-2;Male;-;-;
Rua Terezinha Marcante Rosson;Terezinha Marcante Rosson;Terezinha;Marcante;2;Female;-;-;
Rua Jaco Morelatto;Jaco Morelatto;Jaco;Morelatto;-2;Male;-;-;
Rua Angelo Albino Dagios;Angelo Albino Dagios;Angelo;Albino;-2;Male;-;-;
Rua Miguel Belmont;Miguel Belmont;Miguel;Belmont;-2;Male;-;-;
Rua Vivaldino Chioqueta;Vivaldino Chioqueta;Vivaldino;Chioqueta;-2;Male;-;-;
Rua Jair Comin;Jair Comin;Jair;Comin;2;Male;-;-;
Rua Vicente de Col;Vicente de Col;Vicente;de;-2;Male;-;-;
Rua Celeste Mocelin;Celeste Mocelin;Celeste;Mocelin;2;Female;-;-;
Rua Jacob Gugelmin;Jacob Gugelmin;Jacob;Gugelmin;-2;Male;-;-;
Rua Pedro Kriger;Pedro Kriger;Pedro;Kriger;-2;Male;-;-;
Rua Alberto Nezello;Alberto Nezello;Alberto;Nezello;-2;Male;-;-;
Rua Zilda Arns Neumann;Zilda Arns Neumann;Zilda;Arns;2;Female;-;-;
Rua Irineu Luiz Giacobo;Irineu Luiz Giacobo;Irineu;Luiz;-2;Male;-;-;
Rua Dorico Tartari;Dorico Tartari;Dorico;Tartari;-2;Male;-;-;
Rua Vital Faggion;Vital Faggion;Vital;Faggion;-2;Male;-;-;
Rua Deodora Kogi;Deodora Kogi;Deodora;Kogi;2;Female;-;-;
Rua Pioneiro Avelino Ardoino Chiochetta;Rua Pioneiro elino Ardoino Chiochetta;Rua;Pioneiro;-2;Male;-;-;
Rua Maria Daminelli Marini;Maria Daminelli Marini;Maria;Daminelli;2;Female;-;-;
Polo Parking;Polo Parking;Polo;Parking;-2;Unknown;-;-;
Shopping;Shopping;Shopping;;0;Unknown;-;-;
Rampa de acesso aos blocos L,M,N Superior e Bloco J;Rampa de  aos blocos L,M,N Superior e Bloco J;Rampa;de;0;Unknown;-;-;
Rampa de acesso;Rampa de;Rampa;de;0;Unknown;-;-;
Rampa de Acesso;Rampa de;Rampa;de;0;Unknown;-;-;
Acesso ao Bloco N;ao Bloco N;ao;Bloco;0;Unknown;-;-;
Acesso ao Bloco M;ao Bloco M;ao;Bloco;0;Unknown;-;-;
Acesso ao Bloco L;ao Bloco L;ao;Bloco;0;Unknown;-;-;
Aceso ao Bloco D;Aceso ao Bloco D;Aceso;ao;0;Unknown;-;-;
Acesso ao Ginásio;ao Ginásio;ao;Ginásio;0;Unknown;-;-;
Bloco H;Bloco H;Bloco;H;0;Unknown;-;-;
Bloco J;Bloco J;Bloco;J;0;Unknown;-;-;
Bloco I;Bloco I;Bloco;I;0;Unknown;-;-;
Acesso a Pista de Atletismo;a Pista de Atletismo;a;Pista;0;Unknown;-;-;
Acesso ao Estacionamento;ao Estacionamento;ao;Estacionamento;0;Unknown;-;-;
Acesso ao Bloco X1 - Politec;ao Bloco X1 - Politec;ao;Bloco;0;Unknown;-;-;
Acesso ao;ao;ao;;0;Unknown;-;-;
Trilha no Parque do Alvorecer;Trilha no  do Alvorecer;Trilha;no;0;Unknown;-;-;
Trilha no Parque Alvorecer;Trilha no  Alvorecer;Trilha;no;0;Unknown;-;-;
Rua Otavio Gugelmin;Otavio Gugelmin;Otavio;Gugelmin;-2;Male;-;-;
Rua Almir Pizzatto;Almir Pizzatto;Almir;Pizzatto;-2;Male;-;-;
Rua Josefina Viecili Defaveri;Josefina Viecili Defaveri;Josefina;Viecili;2;Female;-;-;
Rua Maximino De Jesus Barbieri;Maximino De Jesus Barbieri;Maximino;De;-2;Male;-;-;
Rua João Baptista de Souza;João Baptista de Souza;João;Baptista;-2;Male;-;-;
Rua Nelza Mazzuco Braun;Nelza Mazzuco Braun;Nelza;Mazzuco;2;Female;-;-;
Rua Augusto Redivo;Augusto Redivo;Augusto;Redivo;-2;Male;-;-;
Rua Armando Marangon;Armando Marangon;Armando;Marangon;-2;Male;-;-;
Rua Fioravante Colla;Fioravante Colla;Fioravante;Colla;-2;Male;-;-;
Rua Pioneiro Orlando Sambugaro;Pioneiro Orlando Sambugaro;Pioneiro;Orlando;-2;Male;-;-;
Rua Reno Chioquetta;Reno Chioquetta;Reno;Chioquetta;-2;Male;-;-;
Avenida Hugo Luiz Scartezini;Hugo Luiz Scartezini;Hugo;Luiz;-2;Male;-;-;
Rua Eva Santos da Silva;Eva Santos da Silva;Eva;Santos;2;Female;-;-;
Rua Zamir José Borsatti;Zamir José Borsatti;Zamir;José;-2;Male;-;-;
Rua Vereador Ivo Luiz Fantinel;Vereador Ivo Luiz Fantinel;Vereador;Ivo;-2;Male;-;-;
Rua Professor Genírio João Fávero;Professor Genírio João Fávero;Professor;Genírio;-2;Male;-;-;
Rua Rafael Pegoraro Rosa;Rafael Pegoraro Rosa;Rafael;Pegoraro;-2;Male;-;-;
Rua Bruno Nilo Petrikovski;Bruno Nilo Petrikovski;Bruno;Nilo;-2;Male;-;-;
Rua Ricieri Capellesso;Ricieri Capellesso;Ricieri;Capellesso;-2;Male;-;-;
Rua Enfermeira Cleonice Salete Mitrut;Enfermeira Cleonice Salete Mitrut;Enfermeira;Cleonice;2;Female;-;-;
Rua Genoepha Olivo Palaro;Genoepha Olivo Palaro;Genoepha;Olivo;-2;Female;-;-;
Rua Terezinha Folle Beltrame;Terezinha Folle Beltrame;Terezinha;Folle;2;Female;-;-;
Rua Perina Canterle Bonatto;Perina Canterle Bonatto;Perina;Canterle;2;Female;-;-;
Rua Belmiro Michelin;Belmiro Michelin;Belmiro;Michelin;-2;Male;-;-;
Rua Honório Ribeiro do Nascimento;Honório Ribeiro do Nascimento;Honório;Ribeiro;-2;Male;-;-;
Rua Casemiro Burile;Casemiro Burile;Casemiro;Burile;-2;Male;-;-;
Rua Clovis Capelezzo;Clovis Capelezzo;Clovis;Capelezzo;-2;Male;-;-;
Rua Dozolina Guiotto Granzotto;Dozolina Guiotto Granzotto;Dozolina;Guiotto;2;Female;-;-;
Rua Regina Fraron;Regina Fraron;Regina;Fraron;2;Female;-;-;
Rua Selma Companhoni Diehl;Selma Companhoni Diehl;Selma;Companhoni;2;Female;-;-;
Rua Fernando Fraron;Fernando Fraron;Fernando;Fraron;-2;Male;-;-;
Rua Carmelina Graciosa Ruaro;Carmelina Graciosa Ruaro;Carmelina;Graciosa;2;Female;-;-;
Rua Angelina Silvestre Moraes;Angelina Silvestre Moraes;Angelina;Silvestre;2;Female;-;-;
Rua Dozolina Dagios;Dozolina Dagios;Dozolina;Dagios;2;Female;-;-;
Rua Sueli Albina Sabb;Sueli Albina Sabb;Sueli;Albina;2;Female;-;-;
Rua Argeu Nogueira;Argeu Nogueira;Argeu;Nogueira;-2;Male;-;-;
Rua Diva Menosso;Diva Menosso;Diva;Menosso;2;Female;-;-;
Rua Tobias José Nesi;Tobias José Nesi;Tobias;José;-2;Male;-;-;
Rua Rafael Lopes dos Santos;Rafael Lopes dos Santos;Rafael;Lopes;-2;Male;-;-;
Rua Claudino Gresele;Claudino Gresele;Claudino;Gresele;-2;Male;-;-;
Rua Claudinei Celso Bussolaro;Claudinei Celso Bussolaro;Claudinei;Celso;-2;Male;-;-;
Rua Francisco Debastiani;Francisco Debastiani;Francisco;Debastiani;-2;Male;-;-;
Rua João Domingos Pietrobeli;João Domingos Pietrobeli;João;Domingos;-2;Male;-;-;
Rua Diolinda Baldin;Diolinda Baldin;Diolinda;Baldin;2;Female;-;-;
Rua Volmar Antonio Galina;Volmar Antonio Galina;Volmar;Antonio;-2;Male;-;-;
Rua Laurindo Cattani;Laurindo Cattani;Laurindo;Cattani;-2;Male;-;-;
Rua Prefeito Alberto Stefano Cattani;Prefeito Alberto Stefano Cattani;Prefeito;Alberto;-2;Male;-;-;
Rua Domingos Cattani;Domingos Cattani;Domingos;Cattani;-2;Male;-;-;
Rua Oliva Demoliner Cattani;Oliva Demoliner Cattani;Oliva;Demoliner;2;Female;-;-;
Rua Vilma Soares;Vilma Soares;Vilma;Soares;2;Female;-;-;
Rua Aurélio Boscatto;Aurélio Boscatto;Aurélio;Boscatto;-2;Male;-;-;
Rua Pedro Biava;Pedro Biava;Pedro;Biava;-2;Male;-;-;
Rua Noel Rosa;Noel Rosa;Noel;Rosa;2;Male;-;-;
Rua Nelson Mota;Nelson Mota;Nelson;Mota;-2;Male;-;-;
Rua Natalia Tesser Machado;Natalia Tesser Machado;Natalia;Tesser;2;Female;-;-;
Rua Siomar Justina Ines Sasso;Siomar Justina Ines Sasso;Siomar;Justina;-2;Female;-;-;
Rua Ataliba Catani;Ataliba Catani;Ataliba;Catani;-2;Female;-;-;
Rua João Pedro Chioquetta;João Pedro Chioquetta;João;Pedro;-2;Male;-;-;
Rua Vilson Batista dos Santos;Vilson Batista dos Santos;Vilson;Batista;-2;Male;-;-;
Rua Alexander Popia;Alexander Popia;Alexander;Popia;-2;Male;-;-;
Rua Aurélia Conte Chioquetta;Aurélia Conte Chioquetta;Aurélia;Conte;2;Female;-;-;
Rua Tereza Leonardi Pagnoncelli;Tereza Leonardi Pagnoncelli;Tereza;Leonardi;2;Female;-;-;
Rua Letícia Chioquetta;Letícia Chioquetta;Letícia;Chioquetta;2;Female;-;-;
Rua Pioneiro Abrelino Isidoro Schenato;Pioneiro Abrelino Isidoro Schenato;Pioneiro;Abrelino;-2;Male;-;-;
Rua Leopoldo Polazzo;Leopoldo Polazzo;Leopoldo;Polazzo;-2;Male;-;-;
Rua Rio Branco;Rio Branco;Rio;Branco;-2;Unknown;-;-;
Rua Pioneiro Alcides Tartari;Pioneiro Alcides Tartari;Pioneiro;Alcides;2;Male;-;-;
Rua Manoel Bandeira;Manoel Bandeira;Manoel;Bandeira;-2;Male;-;-;
Rua Jerusalém;Jerusalém;Jerusalém;;-2;Unknown;-;-;
Prolongamento Rua Tobias José Nesi;Prolongamento  Tobias José Nesi;Prolongamento;;-2;Male;-;-;
Rua Setembrino Tomazzi;Setembrino Tomazzi;Setembrino;Tomazzi;-2;Male;-;-;
Rua Artibano Sutille;Artibano Sutille;Artibano;Sutille;-2;Male;-;-;
Rua Francisco Alves;Francisco Alves;Francisco;Alves;-2;Male;-;-;
Rua Vereador Santo Viganó;Vereador Santo Viganó;Vereador;Santo;-2;Male;-;-;
Rua Luiz de Barba;Luiz de Barba;Luiz;de;-2;Male;-;-;
Rua Enedina Salete Herezais;Enedina Salete Herezais;Enedina;Salete;2;Female;-;-;
Rua Evandro Cagol;Evandro Cagol;Evandro;Cagol;-2;Male;-;-;
Rua Silvio Vidal;Silvio Vidal;Silvio;Vidal;-2;Male;-;-;
Rua Francisco Xavier;Francisco Xavier;Francisco;Xavier;-2;Male;-;-;
Rua Luiz Fravetto;Luiz Fravetto;Luiz;Fravetto;-2;Male;-;-;
Rua Prefeito Tomazzoni;Prefeito Tomazzoni;Prefeito;Tomazzoni;0;Male;-;-;
Rua Prefeito Graeff;Prefeito Graeff;Prefeito;Graeff;0;Male;-;-;
Rua Franc. G. Neto;Franc. G. Neto;Franc.;G.;-2;Male;-;-;
Rua Bispo Dom Carlos Eduardo;Bispo Dom Carlos Eduardo;Bispo;Dom;-2;Male;-;-;
Travessa Pinheiro Machado;Pinheiro Machado;Pinheiro;Machado;-2;Male;-;-;
Rua Alagoas;Alagoas;Alagoas;;0;Unknown;-;-;
Rua Sergipe;Sergipe;Sergipe;;0;Unknown;-;-;
Rua Goianases;Goianases;Goianases;;0;Unknown;-;-;
Rua Pedro de Lima;Pedro de Lima;Pedro;de;-2;Male;-;-;
Rua Mateus Leme;Mateus Leme;Mateus;Leme;-2;Male;-;-;
Rua Maria Naura Rigom;Maria Naura Rigom;Maria;Naura;2;Female;-;-;
Rua Fernando Ferrari;Fernando Ferrari;Fernando;Ferrari;-2;Male;-;-;
Rua Aracaju;Aracaju;Aracaju;;0;Unknown;-;-;
Rua Pioneiro José Catusso;Pioneiro José Catusso;Pioneiro;José;-2;Male;-;-;
Rua Itapuã;Itapuã;Itapuã;;-2;Unknown;-;-;
Rua Gotardo Dagostin;Gotardo Dagostin;Gotardo;Dagostin;-2;Male;-;-;
Travessa A. Borges;Travessa  Borges;Travessa;;-2;Unknown;-;-;
Travessa Ilhéus;Ilhéus;Ilhéus;;0;Unknown;-;-;
Rua Frederico Sguarize;Frederico Sguarize;Frederico;Sguarize;-2;Male;-;-;
Rua Santa Fé;Santa Fé;Santa;Fé;2;Unknown;-;-;
Rua Francisco B. da Rocha;Francisco B. da Rocha;Francisco;B.;-2;Male;-;-;
Rua Lindomar Dietrich;Lindomar Dietrich;Lindomar;Dietrich;-2;Male;-;-;
Rua Lídio Guerra;Lídio Guerra;Lídio;Guerra;-2;Male;-;-;
Travessa Palmeira;Palmeira;Palmeira;;2;Unknown;-;-;
Rua Prefeito Plácido Machado;Prefeito Plácido Machado;Prefeito;Plácido;-2;Male;-;-;
Rua José Viganó;José Viganó;José;Viganó;-2;Male;-;-;
Rua Vilson Valdir Amadori;Vilson Valdir Amadori;Vilson;Valdir;-2;Male;-;-;
Rua Tupinambá;Tupinambá;Tupinambá;;-2;Unknown;-;-;
Rua Primo Mioto;Primo Mioto;Primo;Mioto;-2;Male;-;-;
Estrada Geral;Esada Geral;Esada;Geral;-2;Unknown;-;-;
Rua Julio Pagnoncelli;Julio Pagnoncelli;Julio;Pagnoncelli;-2;Male;-;-;
Rua Olivio Copetti;Olivio Copetti;Olivio;Copetti;-2;Male;-;-;
Rua Olindo Setti;Olindo Setti;Olindo;Setti;-2;Male;-;-;
Travessa Ivo Cantu;Ivo Cantu;Ivo;Cantu;-2;Male;-;-;
Travessa Eug. Parzianelo;Eug. Parzianelo;Eug.;Parzianelo;0;Male;-;-;
Rua Olivio Del Sent;Olivio Del Sent;Olivio;Del;-2;Male;-;-;
Rua Presidente Costa e Silva;Presidente Costa e Silva;Presidente;Costa;-2;Male;-;-;
Rua Diogo A. Feijó;Rua Diogo  Feijó;Rua;Diogo;-2;Male;-;-;
Rua José Catani;José Catani;José;Catani;-2;Male;-;-;
Travessa Pagnoncelli;Pagnoncelli;Pagnoncelli;;0;Unknown;-;-;
Rua Salvador;Salvador;Salvador;;-2;Male;-;-;
Travessa Luis Batistus;Luis Batistus;Luis;Batistus;-2;Male;-;-;
Rua Jaciretã;Jaciretã;Jaciretã;;0;Unknown;-;-;
Rua Salgado Filho;Salgado Filho;Salgado;Filho;-2;Male;-;-;
Rua Silva Jardim;Silva Jardim;Silva;Jardim;2;Male;-;-;
Rua Epitácio Pessoa;Epitácio Pessoa;Epitácio;Pessoa;-2;Male;-;-;
Rua Felipe Camargo;Felipe Camargo;Felipe;Camargo;-2;Male;-;-;
Rua Carlos Caldart;Carlos Caldart;Carlos;Caldart;-2;Male;-;-;
Rua João A. Medeiros;Rua João  Medeiros;Rua;João;-2;Male;-;-;
Rua Carlos Michelon;Carlos Michelon;Carlos;Michelon;-2;Male;-;-;
Rua Manaus;Manaus;Manaus;;0;Unknown;-;-;
Rua Belo Horizonte;Belo Horizonte;Belo;Horizonte;-2;Unknown;-;-;
Rua José Vergilio Cantu;José Vergilio Cantu;José;Vergilio;-2;Male;-;-;
Rua Otílio Amadori;Otílio Amadori;Otílio;Amadori;-2;Male;-;-;
Rua Arthur Bernardes;Arthur Bernardes;Arthur;Bernardes;-2;Male;-;-;
Rua Pedro Bortot;Pedro Bortot;Pedro;Bortot;-2;Male;-;-;
Rua Ambrósio Bez;Ambrósio Bez;Ambrósio;Bez;-2;Male;-;-;
Rua Helena Braun;Helena Braun;Helena;Braun;2;Female;-;-;
Rua Octaviano Marcante;Octaviano Marcante;Octaviano;Marcante;-2;Male;-;-;
Rua Vitório Matiello;Vitório Matiello;Vitório;Matiello;-2;Male;-;-;
Rua Angelo Merlo;Angelo Merlo;Angelo;Merlo;-2;Male;-;-;
Rua Nicanor Baccin;Nicanor Baccin;Nicanor;Baccin;-2;Male;-;-;
Rua José Rocha;José Rocha;José;Rocha;-2;Male;-;-;
Rua Leduir Viganó;Leduir Viganó;Leduir;Viganó;0;Male;-;-;
Rua Aimoré;Aimoré;Aimoré;;-2;Unknown;-;-;
Rua Anibal Leal;Anibal Leal;Anibal;Leal;-2;Male;-;-;
Travessa Eduardo Amadori;Eduardo Amadori;Eduardo;Amadori;-2;Male;-;-;
Rua Bom Sucesso;Bom Sucesso;Bom;Sucesso;-2;Unknown;-;-;
Rua Edmundo Valdomiro Schneider;Edmundo Valdomiro Schneider;Edmundo;Valdomiro;-2;Male;-;-;
Rua João M. de Souza;João M. de Souza;João;M.;-2;Male;-;-;
Rua João Alves de Abreu;João Alves de Abreu;João;Alves;-2;Male;-;-;
Rua Antonina;Antonina;Antonina;;2;Male;-;-;
Rua Sebastião Ribeiro da Costa;Sebastião Ribeiro da Costa;Sebastião;Ribeiro;-2;Male;-;-;
Rua Domingo Mattos;Domingo Mattos;Domingo;Mattos;-2;Male;-;-;
Rua Jorge E. Sobrinho;Jorge E. Sobrinho;Jorge;E.;-2;Male;-;-;
Rua Ricieri Picoli;Ricieri Picoli;Ricieri;Picoli;-2;Male;-;-;
Travessa Taoba;Taoba;Taoba;;0;Unknown;-;-;
Rua Sebastião Lara;Sebastião Lara;Sebastião;Lara;-2;Male;-;-;
Rua Santina Polazzo;Santina Polazzo;Santina;Polazzo;2;Female;-;-;
Rua Jacy R. Ferreira;Jacy R. Ferreira;Jacy;R.;2;Female;-;-;
Rua dos Jasmins;dos Jasmins;dos;Jasmins;2;Unknown;-;-;
Rua Augusto Peloso;Augusto Peloso;Augusto;Peloso;-2;Male;-;-;
Rua Antônio Lorenzetti;Antônio Lorenzetti;Antônio;Lorenzetti;-2;Male;-;-;
Rua das Adálias;das Adálias;das;Adálias;2;Female;-;-;
Rua das Violetas;das Violetas;das;Violetas;2;Unknown;-;-;
Rua Cecília Cardoso;Cecília Cardoso;Cecília;Cardoso;2;Female;-;-;
Rua dos Lírios;dos Lírios;dos;Lírios;2;Unknown;-;-;
Rua das Rosas;das Rosas;das;Rosas;2;Unknown;-;-;
Rua Artibano Picolo;Artibano Picolo;Artibano;Picolo;-2;Male;-;-;
Rua Emilio Kruger;Emilio Kruger;Emilio;Kruger;-2;Male;-;-;
Rua das Acácias;das Acácias;das;Acácias;2;Unknown;-;-;
Estrada Municipal Azelino Dalla Costa;Esada Municipal Azelino Dalla Costa;Esada;Municipal;-2;Male;-;-;
Rua Valdemar Polazzo;Valdemar Polazzo;Valdemar;Polazzo;-2;Male;-;-;
Rua João Batiston;João Batiston;João;Batiston;-2;Male;-;-;
Travessa Santo Antônio;Santo Antônio;Santo;Antônio;-2;Male;-;-;
Travessa Pará;Pará;Pará;;0;Unknown;-;-;
Avenida das Torres;das Torres;das;Torres;2;Unknown;-;-;
Rua Rosa Bortot Merlo;Rosa Bortot Merlo;Rosa;Bortot;2;Female;-;-;
Perimetral Antônio Garces Novaes Filho;Perimeal Antônio Garces Novaes Filho;Perimeal;Antônio;-2;Male;-;-;
Rua Pedro Soares;Pedro Soares;Pedro;Soares;-2;Male;-;-;
Rua das Oliveiras;das Oliveiras;das;Oliveiras;2;Unknown;-;-;
Rua Pio Miotto;Pio Miotto;Pio;Miotto;-2;Male;-;-;
Rua Antônio Consentino;Antônio Consentino;Antônio;Consentino;-2;Male;-;-;
Rua André Borsoi;André Borsoi;André;Borsoi;-2;Male;-;-;
Rua Vereador José A. da Silva;Rua Vereador José  da Silva;Rua;Vereador;-2;Male;-;-;
Rua Daniel Pagnoncelli;Daniel Pagnoncelli;Daniel;Pagnoncelli;-2;Male;-;-;
Travessa Indus;Indus;Indus;;0;Unknown;-;-;
Rua da Integração;da Integração;da;Integração;-2;Unknown;-;-;
Ladeira do Beto;do Beto;do;Beto;-2;Male;-;-;
Rua Waldomiro Dalligna;Waldomiro Dalligna;Waldomiro;Dalligna;-2;Male;-;-;
Rua Oswaldo Saraiva de Medeiros;Oswaldo Saraiva de Medeiros;Oswaldo;Saraiva;-2;Male;-;-;
Rua Adão Mackievics;Adão Mackievics;Adão;Mackievics;-2;Male;-;-;
Rua Celito Giacomel;Celito Giacomel;Celito;Giacomel;-2;Male;-;-;
Rua Natal Mazzuco;Natal Mazzuco;Natal;Mazzuco;-2;Male;-;-;
Rua João Gualberto Gaspar;João Gualberto Gaspar;João;Gualberto;-2;Male;-;-;
Rua Ilda Bazzo;Ilda Bazzo;Ilda;Bazzo;2;Female;-;-;
Travessa São Francisco;São Francisco;São;Francisco;-2;Male;-;-;
Rua Vitorino Tiocheta;Vitorino Tiocheta;Vitorino;Tiocheta;-2;Male;-;-;
Rua Aquiles Bet;Aquiles Bet;Aquiles;Bet;-2;Male;-;-;
Rua Luiz Guerro Sobrinho;Luiz Guerro Sobrinho;Luiz;Guerro;-2;Male;-;-;
Rua Gelmino Martignoni;Gelmino Martignoni;Gelmino;Martignoni;0;Unknown;-;-;
Rua Melci Dal Molin;Melci Dal Molin;Melci;Dal;-2;Female;-;-;
Rua Aderbal Tavares da Luz;Aderbal Tavares da Luz;Aderbal;Tavares;-2;Male;-;-;
Rua Geraldo Veroneze;Geraldo Veroneze;Geraldo;Veroneze;-2;Male;-;-;
Rua Ary Bodanese;Ary Bodanese;Ary;Bodanese;-2;Male;-;-;
Rua Deziderio Favetti;Deziderio Favetti;Deziderio;Favetti;-2;Male;-;-;
Rua Otávio B. Forselini;Otávio B. Forselini;Otávio;B.;-2;Male;-;-;
Rua José Picolo;José Picolo;José;Picolo;-2;Male;-;-;
Rua Bolislau Fidalski;Bolislau Fidalski;Bolislau;Fidalski;0;Male;-;-;
Rua Sebastiano de Conto;Sebastiano de Conto;Sebastiano;de;-2;Male;-;-;
Rua Industrial;Industrial;Industrial;;0;Unknown;-;-;
Rua Presidente Médici;Presidente Médici;Presidente;Médici;-2;Male;-;-;
Rua Maria Graciosa;Maria Graciosa;Maria;Graciosa;2;Female;-;-;
Rua Urbano Witmann;Urbano Witmann;Urbano;Witmann;-2;Male;-;-;
Rua Maria Bombarda Oldoni;Maria Bombarda Oldoni;Maria;Bombarda;2;Female;-;-;
Rua Carlos Tumeleiro;Carlos Tumeleiro;Carlos;Tumeleiro;-2;Male;-;-;
Rua Bruno Ceni;Bruno Ceni;Bruno;Ceni;-2;Male;-;-;
Rua José Valdir L. Garcia;José Valdir L. Garcia;José;Valdir;-2;Male;-;-;
Rua José Oldoni II;José Oldoni II;José;Oldoni;-2;Male;-;-;
Rua Antônio Pedro Ferronato;Antônio Pedro Ferronato;Antônio;Pedro;-2;Male;-;-;
Rua Afonso Popia;Afonso Popia;Afonso;Popia;-2;Male;-;-;
Rua Valmor Luiz Campestrini;Valmor Luiz Campestrini;Valmor;Luiz;-2;Male;-;-;
Rua Venâncio de Andrade;Venâncio de Andrade;Venâncio;de;-2;Male;-;-;
Rua Altamira;Altamira;Altamira;;2;Unknown;-;-;
Rua Angelo Dalbosco;Angelo Dalbosco;Angelo;Dalbosco;-2;Male;-;-;
Rua dos Gerânios;dos Gerânios;dos;Gerânios;2;Unknown;-;-;
Rua Dioníseio Daniel Sauther;Dioníseio Daniel Sauther;Dioníseio;Daniel;-2;Male;-;-;
Rua Yolanda Fraron;Yolanda Fraron;Yolanda;Fraron;2;Female;-;-;
Rua Gracioso Martinello;Gracioso Martinello;Gracioso;Martinello;-2;Male;-;-;
Rua Arthur Campestrini;Arthur Campestrini;Arthur;Campestrini;-2;Male;-;-;
Rua Gregório Pastorello;Gregório Pastorello;Gregório;Pastorello;-2;Male;-;-;
Rua Clodoaldo Prates de Souza;Clodoaldo Prates de Souza;Clodoaldo;Prates;-2;Male;-;-;
Rua Constant Bonato;Constant Bonato;Constant;Bonato;0;Male;-;-;
Rua Euclides de Paula Carneiro;Euclides de Paula Carneiro;Euclides;de;-2;Male;-;-;
Rua Ayrton Senna da Silva;Ayrton Senna da Silva;Ayrton;Senna;-2;Male;-;-;
Rua do Pinhao;do Pinhao;do;Pinhao;0;Unknown;-;-;
Rua Frei Sérgio Hillesheim;Frei Sérgio Hillesheim;Frei;Sérgio;-2;Male;-;-;
Rua João Oldoni;João Oldoni;João;Oldoni;-2;Male;-;-;
Rua Severino Oldoni;Severino Oldoni;Severino;Oldoni;-2;Male;-;-;
Rua Santina Cadorin Giasson;Santina Cadorin Giasson;Santina;Cadorin;2;Female;-;-;
Rua Mario João Perim;Mario João Perim;Mario;João;-2;Male;-;-;
Rua Carmelinda Bortolini Paloschi;Carmelinda Bortolini Paloschi;Carmelinda;Bortolini;2;Female;-;-;
Rua Altevir Turra;Altevir Turra;Altevir;Turra;-2;Male;-;-;
Rua Avelino Giasson;Rua elino Giasson;Rua;elino;-2;Male;-;-;
Rua Prudencio Alves de Oliveira;Prudencio Alves de Oliveira;Prudencio;Alves;-2;Male;-;-;
Rua Vinicius Cadorin;Vinicius Cadorin;Vinicius;Cadorin;-2;Male;-;-;
Rua Zilma Cadorin Marcante;Zilma Cadorin Marcante;Zilma;Cadorin;2;Female;-;-;
Rua Aldo Antonio Cadorin;Aldo Antonio Cadorin;Aldo;Antonio;-2;Male;-;-;
Rua Pedro Ivo;Pedro Ivo;Pedro;Ivo;-2;Male;-;-;
Rua Antônio Cesa;Antônio Cesa;Antônio;Cesa;-2;Male;-;-;
Rua Frei Lindolfo Schimitz;Frei Lindolfo Schimitz;Frei;Lindolfo;-2;Male;-;-;
Rua Sady Pedro Vigan;Sady Pedro Vigan;Sady;Pedro;-2;Male;-;-;
Rua Pioneiro Arcide Colla;Pioneiro Arcide Colla;Pioneiro;Arcide;0;Male;-;-;
Rua Sady Pedro Viganó;Sady Pedro Viganó;Sady;Pedro;-2;Male;-;-;
Avenida da Inovação;da Inovação;da;Inovação;-2;Unknown;-;-;
Rua Moroslavo Flessak;Moroslavo Flessak;Moroslavo;Flessak;0;Male;-;-;
Rua Joel de Mello;Joel de Mello;Joel;de;-2;Male;-;-;
Rua Maria Petrycoski;Maria Petrycoski;Maria;Petrycoski;2;Female;-;-;
Rua Euclesio Luiz de Araujo;Euclesio Luiz de Araujo;Euclesio;Luiz;-2;Male;-;-;
Rua Antonio João Leonardi;Antonio João Leonardi;Antonio;João;-2;Male;-;-;
Rua Lourenço Colla;Lourenço Colla;Lourenço;Colla;-2;Male;-;-;
Rua Selvino Palaro;Selvino Palaro;Selvino;Palaro;-2;Male;-;-;
Rua Joubert Ferreira;Joubert Ferreira;Joubert;Ferreira;-2;Male;-;-;
Rua Hilda Maria Colla Bianchi;Hilda Maria Colla Bianchi;Hilda;Maria;2;Female;-;-;
Rua Nilva de Mello;Nilva de Mello;Nilva;de;2;Female;-;-;
Rua Vereador Osvaldo Ruaro;Vereador Osvaldo Ruaro;Vereador;Osvaldo;-2;Male;-;-;
Rua Izaias Mazzotti;Izaias Mazzotti;Izaias;Mazzotti;-2;Male;-;-;
Rua Darcilio Mazzotti;Darcilio Mazzotti;Darcilio;Mazzotti;-2;Male;-;-;
Rua Marlene Bach;Marlene Bach;Marlene;Bach;2;Female;-;-;
Rua Pioneiro Júlio Roberto Pastore;Pioneiro Júlio Roberto Pastore;Pioneiro;Júlio;-2;Male;-;-;
Rua Izeu Antônio Gazola;Izeu Antônio Gazola;Izeu;Antônio;-2;Male;-;-;
Avenida Oficial Nereu Almeida;Oficial Nereu Almeida;Oficial;Nereu;-2;Male;-;-;
Rua Arlete Colombo;Arlete Colombo;Arlete;Colombo;2;Female;-;-;
Rua Matilde Borsoi Campestrini;Matilde Borsoi Campestrini;Matilde;Borsoi;2;Female;-;-;
Rua José Martinello;José Martinello;José;Martinello;-2;Male;-;-;
Rua Luiz Chioquetta;Luiz Chioquetta;Luiz;Chioquetta;-2;Male;-;-;
Rua Antônio Oldoni;Antônio Oldoni;Antônio;Oldoni;-2;Male;-;-;
Rua Hélio Gomes da Silva;Hélio Gomes da Silva;Hélio;Gomes;-2;Male;-;-;
Rua Adelaide J. Cadorin;Adelaide J. Cadorin;Adelaide;J.;2;Female;-;-;
Rua Avenicio Ezidio Giasson;Rua enicio Ezidio Giasson;Rua;enicio;-2;Male;-;-;
Rua Orlando Menegatti;Orlando Menegatti;Orlando;Menegatti;-2;Male;-;-;
Rua Aida Petrobelli;Aida Petrobelli;Aida;Petrobelli;2;Female;-;-;
Rua Paulino Bos;Paulino Bos;Paulino;Bos;-2;Male;-;-;
Rua José Vergílio Cantu;José Vergílio Cantu;José;Vergílio;-2;Male;-;-;
Rua Reginaldo Antônio Medeiros;Reginaldo Antônio Medeiros;Reginaldo;Antônio;-2;Male;-;-;
Rua Antônio Carlos Boss;Antônio Carlos Boss;Antônio;Carlos;-2;Male;-;-;
Rua Inez Boz Marcante;Inez Boz Marcante;Inez;Boz;2;Female;-;-;
Rua Julia Bonetti;Julia Bonetti;Julia;Bonetti;2;Female;-;-;
Rua Frederico Vanetti de Araújo;Frederico Vanetti de Araújo;Frederico;Vanetti;-2;Male;-;-;
Rua José Podolan;José Podolan;José;Podolan;-2;Male;-;-;
Rua Dolovina Boff Bernardi;Dolovina Boff Bernardi;Dolovina;Boff;-2;Female;-;-;
Rua João Bernardi Filho;João Bernardi Filho;João;Bernardi;-2;Male;-;-;
Rua Carlos Roberto Amadori;Carlos Roberto Amadori;Carlos;Roberto;-2;Male;-;-;
Rua Angelo Jubilino Pagnoncelli;Angelo Jubilino Pagnoncelli;Angelo;Jubilino;-2;Male;-;-;
Rua Celso Bussolaro;Celso Bussolaro;Celso;Bussolaro;-2;Male;-;-;
Rua Olga Galli;Olga Galli;Olga;Galli;2;Female;-;-;
Rua Marino Silvio Galli;Marino Silvio Galli;Marino;Silvio;-2;Male;-;-;
Rua Antônia Toseto;Antônia Toseto;Antônia;Toseto;2;Female;-;-;
Rua Felisberto Oldoni;Felisberto Oldoni;Felisberto;Oldoni;-2;Male;-;-;
Travessa Tereza Cadorin;Tereza Cadorin;Tereza;Cadorin;2;Female;-;-;
